{
  "best_epoch": 26,
  "peak_worker_0_memory_MB": 0,
  "training_duration": "0:01:23.503154",
  "epoch": 34,
  "training_accuracy": 0.9976437323279924,
  "training_accuracy3": 1.0,
  "training_precision-overall": 0.9947643979057585,
  "training_recall-overall": 0.9793814432989685,
  "training_f1-measure-overall": 0.9870129870129365,
  "training_loss": 6.761292775472005,
  "training_worker_0_memory_MB": 0.0,
  "validation_accuracy": 1.0,
  "validation_accuracy3": 1.0,
  "validation_precision-overall": 0.9999999999999994,
  "validation_recall-overall": 0.9999999999999994,
  "validation_f1-measure-overall": 0.9999999999999494,
  "validation_loss": 0.5967369079589844,
  "best_validation_accuracy": 1.0,
  "best_validation_accuracy3": 1.0,
  "best_validation_precision-overall": 0.9999999999999994,
  "best_validation_recall-overall": 0.9999999999999994,
  "best_validation_f1-measure-overall": 0.9999999999999494,
  "best_validation_loss": 6.488728841145833
}