{
  "best_epoch": 22,
  "peak_worker_0_memory_MB": 0,
  "training_duration": "0:00:51.098782",
  "epoch": 22,
  "training_accuracy": 0.9769085768143261,
  "training_accuracy3": 0.9967012252591895,
  "training_precision-overall": 0.9209039548022593,
  "training_recall-overall": 0.8402061855670098,
  "training_f1-measure-overall": 0.878706199460866,
  "training_loss": 66.92374038696289,
  "training_worker_0_memory_MB": 0.0,
  "validation_accuracy": 0.9971724787935909,
  "validation_accuracy3": 1.0,
  "validation_precision-overall": 0.9999999999999994,
  "validation_recall-overall": 0.969072164948453,
  "validation_f1-measure-overall": 0.984293193717227,
  "validation_loss": 32.143567403157554,
  "best_validation_accuracy": 0.9971724787935909,
  "best_validation_accuracy3": 1.0,
  "best_validation_precision-overall": 0.9999999999999994,
  "best_validation_recall-overall": 0.969072164948453,
  "best_validation_f1-measure-overall": 0.984293193717227,
  "best_validation_loss": 32.143567403157554
}