{
  "best_epoch": 14,
  "peak_worker_0_memory_MB": 0,
  "training_duration": "0:00:36.192135",
  "epoch": 14,
  "training_accuracy": 0.8920829406220546,
  "training_accuracy3": 0.9717247879359096,
  "training_precision-overall": 0.4216867469879513,
  "training_recall-overall": 0.1804123711340205,
  "training_f1-measure-overall": 0.2527075812273946,
  "training_loss": 191.5141805013021,
  "training_worker_0_memory_MB": 0.0,
  "validation_accuracy": 0.910933081998115,
  "validation_accuracy3": 0.9792648444863337,
  "validation_precision-overall": 0.5280898876404488,
  "validation_recall-overall": 0.24226804123711326,
  "validation_f1-measure-overall": 0.33215547703175874,
  "validation_loss": 158.51681772867838,
  "best_validation_accuracy": 0.910933081998115,
  "best_validation_accuracy3": 0.9792648444863337,
  "best_validation_precision-overall": 0.5280898876404488,
  "best_validation_recall-overall": 0.24226804123711326,
  "best_validation_f1-measure-overall": 0.33215547703175874,
  "best_validation_loss": 158.51681772867838
}