{
  "best_epoch": 16,
  "peak_worker_0_memory_MB": 0,
  "training_duration": "0:00:43.321068",
  "epoch": 17,
  "training_accuracy": 0.9151743638077285,
  "training_accuracy3": 0.9759660697455231,
  "training_precision-overall": 0.5454545454545451,
  "training_recall-overall": 0.49484536082474195,
  "training_f1-measure-overall": 0.5189189189188688,
  "training_loss": 140.95127868652344,
  "training_worker_0_memory_MB": 0.0,
  "validation_accuracy": 0.9580584354382657,
  "validation_accuracy3": 1.0,
  "validation_precision-overall": 0.999999999999999,
  "validation_recall-overall": 0.5412371134020615,
  "validation_f1-measure-overall": 0.7023411371236997,
  "validation_loss": 104.07671229044597,
  "best_validation_accuracy": 0.9509896324222432,
  "best_validation_accuracy3": 0.9943449575871819,
  "best_validation_precision-overall": 0.6956521739130431,
  "best_validation_recall-overall": 0.8247422680412366,
  "best_validation_f1-measure-overall": 0.7547169811320253,
  "best_validation_loss": 124.80413055419922
}