{
  "best_epoch": 26,
  "peak_worker_0_memory_MB": 0,
  "training_duration": "0:01:09.403198",
  "epoch": 28,
  "training_accuracy": 0.9962299717247879,
  "training_accuracy3": 0.9990574929311969,
  "training_precision-overall": 0.9843749999999994,
  "training_recall-overall": 0.9742268041237108,
  "training_f1-measure-overall": 0.9792746113989133,
  "training_loss": 15.262591044108072,
  "training_worker_0_memory_MB": 0.0,
  "validation_accuracy": 1.0,
  "validation_accuracy3": 1.0,
  "validation_precision-overall": 0.9999999999999994,
  "validation_recall-overall": 0.9999999999999994,
  "validation_f1-measure-overall": 0.9999999999999494,
  "validation_loss": 6.151129404703776,
  "best_validation_accuracy": 1.0,
  "best_validation_accuracy3": 1.0,
  "best_validation_precision-overall": 0.9999999999999994,
  "best_validation_recall-overall": 0.9999999999999994,
  "best_validation_f1-measure-overall": 0.9999999999999494,
  "best_validation_loss": 6.488728841145833
}