{
  "best_epoch": 26,
  "peak_worker_0_memory_MB": 0,
  "training_duration": "0:01:02.721284",
  "epoch": 27,
  "training_accuracy": 0.9967012252591895,
  "training_accuracy3": 0.9990574929311969,
  "training_precision-overall": 0.9844559585492222,
  "training_recall-overall": 0.9793814432989685,
  "training_f1-measure-overall": 0.9819121447027919,
  "training_loss": 16.819683074951172,
  "training_worker_0_memory_MB": 0.0,
  "validation_accuracy": 1.0,
  "validation_accuracy3": 1.0,
  "validation_precision-overall": 0.9999999999999994,
  "validation_recall-overall": 0.9999999999999994,
  "validation_f1-measure-overall": 0.9999999999999494,
  "validation_loss": 5.557519276936849,
  "best_validation_accuracy": 1.0,
  "best_validation_accuracy3": 1.0,
  "best_validation_precision-overall": 0.9999999999999994,
  "best_validation_recall-overall": 0.9999999999999994,
  "best_validation_f1-measure-overall": 0.9999999999999494,
  "best_validation_loss": 6.488728841145833
}