{
  "best_epoch": 26,
  "peak_worker_0_memory_MB": 0,
  "training_duration": "0:01:31.703619",
  "epoch": 40,
  "training_accuracy": 1.0,
  "training_accuracy3": 1.0,
  "training_precision-overall": 0.9999999999999994,
  "training_recall-overall": 0.9999999999999994,
  "training_f1-measure-overall": 0.9999999999999494,
  "training_loss": 1.2935244242350261,
  "training_worker_0_memory_MB": 0.0,
  "validation_accuracy": 1.0,
  "validation_accuracy3": 1.0,
  "validation_precision-overall": 0.9999999999999994,
  "validation_recall-overall": 0.9999999999999994,
  "validation_f1-measure-overall": 0.9999999999999494,
  "validation_loss": 0.2510528564453125,
  "best_validation_accuracy": 1.0,
  "best_validation_accuracy3": 1.0,
  "best_validation_precision-overall": 0.9999999999999994,
  "best_validation_recall-overall": 0.9999999999999994,
  "best_validation_f1-measure-overall": 0.9999999999999494,
  "best_validation_loss": 6.488728841145833
}