{
  "best_epoch": 24,
  "peak_worker_0_memory_MB": 0,
  "training_duration": "0:00:58.142680",
  "epoch": 25,
  "training_accuracy": 0.9905749293119699,
  "training_accuracy3": 0.9971724787935909,
  "training_precision-overall": 0.9531249999999994,
  "training_recall-overall": 0.9432989690721644,
  "training_f1-measure-overall": 0.9481865284973587,
  "training_loss": 30.140982309977215,
  "training_worker_0_memory_MB": 0.0,
  "validation_accuracy": 0.998114985862394,
  "validation_accuracy3": 1.0,
  "validation_precision-overall": 0.9999999999999994,
  "validation_recall-overall": 0.9793814432989685,
  "validation_f1-measure-overall": 0.9895833333332829,
  "validation_loss": 12.310038248697916,
  "best_validation_accuracy": 0.9990574929311969,
  "best_validation_accuracy3": 1.0,
  "best_validation_precision-overall": 0.9999999999999994,
  "best_validation_recall-overall": 0.9896907216494839,
  "best_validation_f1-measure-overall": 0.9948186528496904,
  "best_validation_loss": 14.942577362060547
}