{
  "best_epoch": 16,
  "peak_worker_0_memory_MB": 0,
  "training_duration": "0:00:37.597687",
  "epoch": 16,
  "training_accuracy": 0.909048067860509,
  "training_accuracy3": 0.9773798303487277,
  "training_precision-overall": 0.5655172413793099,
  "training_recall-overall": 0.4226804123711338,
  "training_f1-measure-overall": 0.4837758112093902,
  "training_loss": 154.0490951538086,
  "training_worker_0_memory_MB": 0.0,
  "validation_accuracy": 0.9509896324222432,
  "validation_accuracy3": 0.9943449575871819,
  "validation_precision-overall": 0.6956521739130431,
  "validation_recall-overall": 0.8247422680412366,
  "validation_f1-measure-overall": 0.7547169811320253,
  "validation_loss": 124.80413055419922,
  "best_validation_accuracy": 0.9509896324222432,
  "best_validation_accuracy3": 0.9943449575871819,
  "best_validation_precision-overall": 0.6956521739130431,
  "best_validation_recall-overall": 0.8247422680412366,
  "best_validation_f1-measure-overall": 0.7547169811320253,
  "best_validation_loss": 124.80413055419922
}