{
  "best_epoch": 26,
  "peak_worker_0_memory_MB": 0,
  "training_duration": "0:01:14.344528",
  "epoch": 32,
  "training_accuracy": 0.9971724787935909,
  "training_accuracy3": 1.0,
  "training_precision-overall": 0.9845360824742262,
  "training_recall-overall": 0.9845360824742262,
  "training_f1-measure-overall": 0.9845360824741762,
  "training_loss": 9.598973592122396,
  "training_worker_0_memory_MB": 0.0,
  "validation_accuracy": 1.0,
  "validation_accuracy3": 1.0,
  "validation_precision-overall": 0.9999999999999994,
  "validation_recall-overall": 0.9999999999999994,
  "validation_f1-measure-overall": 0.9999999999999494,
  "validation_loss": 2.380915323893229,
  "best_validation_accuracy": 1.0,
  "best_validation_accuracy3": 1.0,
  "best_validation_precision-overall": 0.9999999999999994,
  "best_validation_recall-overall": 0.9999999999999994,
  "best_validation_f1-measure-overall": 0.9999999999999494,
  "best_validation_loss": 6.488728841145833
}