{
  "best_epoch": 26,
  "peak_worker_0_memory_MB": 0,
  "training_duration": "0:01:29.531014",
  "epoch": 39,
  "training_accuracy": 0.998114985862394,
  "training_accuracy3": 0.9995287464655985,
  "training_precision-overall": 0.9896907216494839,
  "training_recall-overall": 0.9896907216494839,
  "training_f1-measure-overall": 0.989690721649434,
  "training_loss": 4.791932423909505,
  "training_worker_0_memory_MB": 0.0,
  "validation_accuracy": 1.0,
  "validation_accuracy3": 1.0,
  "validation_precision-overall": 0.9999999999999994,
  "validation_recall-overall": 0.9999999999999994,
  "validation_f1-measure-overall": 0.9999999999999494,
  "validation_loss": 0.2763532002766927,
  "best_validation_accuracy": 1.0,
  "best_validation_accuracy3": 1.0,
  "best_validation_precision-overall": 0.9999999999999994,
  "best_validation_recall-overall": 0.9999999999999994,
  "best_validation_f1-measure-overall": 0.9999999999999494,
  "best_validation_loss": 6.488728841145833
}