{
  "best_epoch": 26,
  "peak_worker_0_memory_MB": 0,
  "training_duration": "0:01:21.116356",
  "epoch": 33,
  "training_accuracy": 0.9952874646559849,
  "training_accuracy3": 0.9985862393967955,
  "training_precision-overall": 0.9946808510638292,
  "training_recall-overall": 0.9639175257731953,
  "training_f1-measure-overall": 0.9790575916229861,
  "training_loss": 12.206219991048178,
  "training_worker_0_memory_MB": 0.0,
  "validation_accuracy": 1.0,
  "validation_accuracy3": 1.0,
  "validation_precision-overall": 0.9999999999999994,
  "validation_recall-overall": 0.9999999999999994,
  "validation_f1-measure-overall": 0.9999999999999494,
  "validation_loss": 0.8196729024251302,
  "best_validation_accuracy": 1.0,
  "best_validation_accuracy3": 1.0,
  "best_validation_precision-overall": 0.9999999999999994,
  "best_validation_recall-overall": 0.9999999999999994,
  "best_validation_f1-measure-overall": 0.9999999999999494,
  "best_validation_loss": 6.488728841145833
}