{
  "best_epoch": 26,
  "peak_worker_0_memory_MB": 0,
  "training_duration": "0:01:25.200350",
  "epoch": 37,
  "training_accuracy": 0.9967012252591895,
  "training_accuracy3": 0.9985862393967955,
  "training_precision-overall": 0.9896373056994813,
  "training_recall-overall": 0.9845360824742262,
  "training_f1-measure-overall": 0.9870801033591226,
  "training_loss": 6.952747344970703,
  "training_worker_0_memory_MB": 0.0,
  "validation_accuracy": 1.0,
  "validation_accuracy3": 1.0,
  "validation_precision-overall": 0.9999999999999994,
  "validation_recall-overall": 0.9999999999999994,
  "validation_f1-measure-overall": 0.9999999999999494,
  "validation_loss": 0.4911448160807292,
  "best_validation_accuracy": 1.0,
  "best_validation_accuracy3": 1.0,
  "best_validation_precision-overall": 0.9999999999999994,
  "best_validation_recall-overall": 0.9999999999999994,
  "best_validation_f1-measure-overall": 0.9999999999999494,
  "best_validation_loss": 6.488728841145833
}