{
  "best_epoch": 26,
  "peak_worker_0_memory_MB": 0,
  "training_duration": "0:01:23.060160",
  "epoch": 36,
  "training_accuracy": 0.9990574929311969,
  "training_accuracy3": 0.9990574929311969,
  "training_precision-overall": 0.9948453608247417,
  "training_recall-overall": 0.9948453608247417,
  "training_f1-measure-overall": 0.9948453608246918,
  "training_loss": 3.629380544026693,
  "training_worker_0_memory_MB": 0.0,
  "validation_accuracy": 1.0,
  "validation_accuracy3": 1.0,
  "validation_precision-overall": 0.9999999999999994,
  "validation_recall-overall": 0.9999999999999994,
  "validation_f1-measure-overall": 0.9999999999999494,
  "validation_loss": 0.3855946858723958,
  "best_validation_accuracy": 1.0,
  "best_validation_accuracy3": 1.0,
  "best_validation_precision-overall": 0.9999999999999994,
  "best_validation_recall-overall": 0.9999999999999994,
  "best_validation_f1-measure-overall": 0.9999999999999494,
  "best_validation_loss": 6.488728841145833
}