{
  "best_epoch": 19,
  "peak_worker_0_memory_MB": 0,
  "training_duration": "0:00:52.889036",
  "epoch": 21,
  "training_accuracy": 0.9608859566446748,
  "training_accuracy3": 0.9934024505183789,
  "training_precision-overall": 0.8171428571428566,
  "training_recall-overall": 0.7371134020618553,
  "training_f1-measure-overall": 0.7750677506774565,
  "training_loss": 81.73121134440105,
  "training_worker_0_memory_MB": 0.0,
  "validation_accuracy": 0.9891611687087654,
  "validation_accuracy3": 1.0,
  "validation_precision-overall": 0.9999999999999993,
  "validation_recall-overall": 0.8814432989690717,
  "validation_f1-measure-overall": 0.9369863013698128,
  "validation_loss": 41.7568105061849,
  "best_validation_accuracy": 0.9891611687087654,
  "best_validation_accuracy3": 1.0,
  "best_validation_precision-overall": 0.9621621621621615,
  "best_validation_recall-overall": 0.9175257731958758,
  "best_validation_f1-measure-overall": 0.939313984168815,
  "best_validation_loss": 69.0893783569336
}