{
  "best_epoch": 14,
  "peak_worker_0_memory_MB": 0,
  "training_duration": "0:00:35.382582",
  "epoch": 15,
  "training_accuracy": 0.8991517436380773,
  "training_accuracy3": 0.974081055607917,
  "training_precision-overall": 0.4749999999999994,
  "training_recall-overall": 0.1958762886597937,
  "training_f1-measure-overall": 0.2773722627736811,
  "training_loss": 177.1360321044922,
  "training_worker_0_memory_MB": 0.0,
  "validation_accuracy": 0.9114043355325165,
  "validation_accuracy3": 0.9797360980207351,
  "validation_precision-overall": 0.535714285714285,
  "validation_recall-overall": 0.2319587628865978,
  "validation_f1-measure-overall": 0.3237410071942022,
  "validation_loss": 137.7084986368815,
  "best_validation_accuracy": 0.910933081998115,
  "best_validation_accuracy3": 0.9792648444863337,
  "best_validation_precision-overall": 0.5280898876404488,
  "best_validation_recall-overall": 0.24226804123711326,
  "best_validation_f1-measure-overall": 0.33215547703175874,
  "best_validation_loss": 158.51681772867838
}