{
  "best_epoch": 26,
  "peak_worker_0_memory_MB": 0,
  "training_duration": "0:01:09.837611",
  "epoch": 30,
  "training_accuracy": 0.9929311969839774,
  "training_accuracy3": 0.9990574929311969,
  "training_precision-overall": 0.9735449735449729,
  "training_recall-overall": 0.9484536082474221,
  "training_f1-measure-overall": 0.9608355091383307,
  "training_loss": 13.611544291178385,
  "training_worker_0_memory_MB": 0.0,
  "validation_accuracy": 1.0,
  "validation_accuracy3": 1.0,
  "validation_precision-overall": 0.9999999999999994,
  "validation_recall-overall": 0.9999999999999994,
  "validation_f1-measure-overall": 0.9999999999999494,
  "validation_loss": 2.2279446919759116,
  "best_validation_accuracy": 1.0,
  "best_validation_accuracy3": 1.0,
  "best_validation_precision-overall": 0.9999999999999994,
  "best_validation_recall-overall": 0.9999999999999994,
  "best_validation_f1-measure-overall": 0.9999999999999494,
  "best_validation_loss": 6.488728841145833
}