{
  "best_epoch": 0,
  "peak_worker_0_memory_MB": 0,
  "training_duration": "0:00:31.371952",
  "epoch": 12,
  "training_accuracy": 0.8755890669180019,
  "training_accuracy3": 0.9665409990574929,
  "training_precision-overall": 0.12195121951219483,
  "training_recall-overall": 0.025773195876288645,
  "training_f1-measure-overall": 0.04255319148933286,
  "training_loss": 225.59697977701822,
  "training_worker_0_memory_MB": 0.0,
  "validation_accuracy": 0.8732327992459944,
  "validation_accuracy3": 0.9566446748350612,
  "validation_precision-overall": 0.0,
  "validation_recall-overall": 0.0,
  "validation_f1-measure-overall": 0.0,
  "validation_loss": 199.5564422607422,
  "best_validation_accuracy": 0.8718190386427899,
  "best_validation_accuracy3": 0.9632422243166824,
  "best_validation_precision-overall": 0.0,
  "best_validation_recall-overall": 0.0,
  "best_validation_f1-measure-overall": 0.0,
  "best_validation_loss": 792.0633748372396
}