{
  "best_epoch": 26,
  "peak_worker_0_memory_MB": 0,
  "training_duration": "0:01:07.373224",
  "epoch": 29,
  "training_accuracy": 0.9938737040527804,
  "training_accuracy3": 0.998114985862394,
  "training_precision-overall": 0.9738219895287953,
  "training_recall-overall": 0.9587628865979376,
  "training_f1-measure-overall": 0.9662337662337158,
  "training_loss": 18.317250569661457,
  "training_worker_0_memory_MB": 0.0,
  "validation_accuracy": 1.0,
  "validation_accuracy3": 1.0,
  "validation_precision-overall": 0.9999999999999994,
  "validation_recall-overall": 0.9999999999999994,
  "validation_f1-measure-overall": 0.9999999999999494,
  "validation_loss": 2.1914634704589844,
  "best_validation_accuracy": 1.0,
  "best_validation_accuracy3": 1.0,
  "best_validation_precision-overall": 0.9999999999999994,
  "best_validation_recall-overall": 0.9999999999999994,
  "best_validation_f1-measure-overall": 0.9999999999999494,
  "best_validation_loss": 6.488728841145833
}