{
  "best_epoch": 24,
  "peak_worker_0_memory_MB": 0,
  "training_duration": "0:00:59.974308",
  "epoch": 24,
  "training_accuracy": 0.9863336475023563,
  "training_accuracy3": 0.998114985862394,
  "training_precision-overall": 0.9187817258883243,
  "training_recall-overall": 0.932989690721649,
  "training_f1-measure-overall": 0.9258312020459852,
  "training_loss": 46.056922912597656,
  "training_worker_0_memory_MB": 0.0,
  "validation_accuracy": 0.9990574929311969,
  "validation_accuracy3": 1.0,
  "validation_precision-overall": 0.9999999999999994,
  "validation_recall-overall": 0.9896907216494839,
  "validation_f1-measure-overall": 0.9948186528496904,
  "validation_loss": 14.942577362060547,
  "best_validation_accuracy": 0.9990574929311969,
  "best_validation_accuracy3": 1.0,
  "best_validation_precision-overall": 0.9999999999999994,
  "best_validation_recall-overall": 0.9896907216494839,
  "best_validation_f1-measure-overall": 0.9948186528496904,
  "best_validation_loss": 14.942577362060547
}