{
  "best_epoch": 13,
  "peak_worker_0_memory_MB": 0,
  "training_duration": "0:00:33.768977",
  "epoch": 13,
  "training_accuracy": 0.8784165881244109,
  "training_accuracy3": 0.9646559849198869,
  "training_precision-overall": 0.1388888888888885,
  "training_recall-overall": 0.025773195876288645,
  "training_f1-measure-overall": 0.04347826086953877,
  "training_loss": 209.65650939941406,
  "training_worker_0_memory_MB": 0.0,
  "validation_accuracy": 0.8958529688972667,
  "validation_accuracy3": 0.9745523091423186,
  "validation_precision-overall": 0.384615384615384,
  "validation_recall-overall": 0.12886597938144323,
  "validation_f1-measure-overall": 0.19305019305015533,
  "validation_loss": 174.62244160970053,
  "best_validation_accuracy": 0.8958529688972667,
  "best_validation_accuracy3": 0.9745523091423186,
  "best_validation_precision-overall": 0.384615384615384,
  "best_validation_recall-overall": 0.12886597938144323,
  "best_validation_f1-measure-overall": 0.19305019305015533,
  "best_validation_loss": 174.62244160970053
}