{
  "best_epoch": 19,
  "peak_worker_0_memory_MB": 0,
  "training_duration": "0:00:46.455806",
  "epoch": 20,
  "training_accuracy": 0.943449575871819,
  "training_accuracy3": 0.9849198868991518,
  "training_precision-overall": 0.7241379310344823,
  "training_recall-overall": 0.6494845360824738,
  "training_f1-measure-overall": 0.6847826086956019,
  "training_loss": 96.71357981363933,
  "training_worker_0_memory_MB": 0.0,
  "validation_accuracy": 0.9882186616399623,
  "validation_accuracy3": 1.0,
  "validation_precision-overall": 0.9941520467836251,
  "validation_recall-overall": 0.8762886597938139,
  "validation_f1-measure-overall": 0.9315068493150181,
  "validation_loss": 57.70520782470703,
  "best_validation_accuracy": 0.9891611687087654,
  "best_validation_accuracy3": 1.0,
  "best_validation_precision-overall": 0.9621621621621615,
  "best_validation_recall-overall": 0.9175257731958758,
  "best_validation_f1-measure-overall": 0.939313984168815,
  "best_validation_loss": 69.0893783569336
}