{
  "best_epoch": 18,
  "peak_worker_0_memory_MB": 0,
  "training_duration": "0:00:45.714994",
  "epoch": 18,
  "training_accuracy": 0.9349670122525919,
  "training_accuracy3": 0.9901036757775683,
  "training_precision-overall": 0.75438596491228,
  "training_recall-overall": 0.4432989690721647,
  "training_f1-measure-overall": 0.5584415584415116,
  "training_loss": 128.0721206665039,
  "training_worker_0_memory_MB": 0.0,
  "validation_accuracy": 0.9745523091423186,
  "validation_accuracy3": 1.0,
  "validation_precision-overall": 0.8645833333333328,
  "validation_recall-overall": 0.855670103092783,
  "validation_f1-measure-overall": 0.8601036269429548,
  "validation_loss": 87.74789174397786,
  "best_validation_accuracy": 0.9745523091423186,
  "best_validation_accuracy3": 1.0,
  "best_validation_precision-overall": 0.8645833333333328,
  "best_validation_recall-overall": 0.855670103092783,
  "best_validation_f1-measure-overall": 0.8601036269429548,
  "best_validation_loss": 87.74789174397786
}