{
  "best_epoch": 19,
  "peak_worker_0_memory_MB": 0,
  "training_duration": "0:00:48.106118",
  "epoch": 19,
  "training_accuracy": 0.9387370405278039,
  "training_accuracy3": 0.9915174363807728,
  "training_precision-overall": 0.6649999999999996,
  "training_recall-overall": 0.6855670103092779,
  "training_f1-measure-overall": 0.6751269035532491,
  "training_loss": 115.94120788574219,
  "training_worker_0_memory_MB": 0.0,
  "validation_accuracy": 0.9891611687087654,
  "validation_accuracy3": 1.0,
  "validation_precision-overall": 0.9621621621621615,
  "validation_recall-overall": 0.9175257731958758,
  "validation_f1-measure-overall": 0.939313984168815,
  "validation_loss": 69.0893783569336,
  "best_validation_accuracy": 0.9891611687087654,
  "best_validation_accuracy3": 1.0,
  "best_validation_precision-overall": 0.9621621621621615,
  "best_validation_recall-overall": 0.9175257731958758,
  "best_validation_f1-measure-overall": 0.939313984168815,
  "best_validation_loss": 69.0893783569336
}