{
  "best_epoch": 22,
  "peak_worker_0_memory_MB": 0,
  "training_duration": "0:00:53.403940",
  "epoch": 23,
  "training_accuracy": 0.9835061262959472,
  "training_accuracy3": 0.9962299717247879,
  "training_precision-overall": 0.9548022598870051,
  "training_recall-overall": 0.8711340206185562,
  "training_f1-measure-overall": 0.9110512129379549,
  "training_loss": 54.60794448852539,
  "training_worker_0_memory_MB": 0.0,
  "validation_accuracy": 0.9962299717247879,
  "validation_accuracy3": 1.0,
  "validation_precision-overall": 0.9696969696969692,
  "validation_recall-overall": 0.9896907216494839,
  "validation_f1-measure-overall": 0.9795918367346435,
  "validation_loss": 23.015979766845703,
  "best_validation_accuracy": 0.9971724787935909,
  "best_validation_accuracy3": 1.0,
  "best_validation_precision-overall": 0.9999999999999994,
  "best_validation_recall-overall": 0.969072164948453,
  "best_validation_f1-measure-overall": 0.984293193717227,
  "best_validation_loss": 32.143567403157554
}