{
  "best_epoch": 26,
  "peak_worker_0_memory_MB": 0,
  "training_duration": "0:01:20.857424",
  "epoch": 35,
  "training_accuracy": 0.9985862393967955,
  "training_accuracy3": 1.0,
  "training_precision-overall": 0.9948186528497404,
  "training_recall-overall": 0.9896907216494839,
  "training_f1-measure-overall": 0.9922480620154533,
  "training_loss": 5.825028737386067,
  "training_worker_0_memory_MB": 0.0,
  "validation_accuracy": 1.0,
  "validation_accuracy3": 1.0,
  "validation_precision-overall": 0.9999999999999994,
  "validation_recall-overall": 0.9999999999999994,
  "validation_f1-measure-overall": 0.9999999999999494,
  "validation_loss": 0.5451469421386719,
  "best_validation_accuracy": 1.0,
  "best_validation_accuracy3": 1.0,
  "best_validation_precision-overall": 0.9999999999999994,
  "best_validation_recall-overall": 0.9999999999999994,
  "best_validation_f1-measure-overall": 0.9999999999999494,
  "best_validation_loss": 6.488728841145833
}